{"step": 24, "loss": 0.011788013391196728, "accuracy": 0.9959999918937683, "val_loss": 0.04203793779015541, "val_accuracy": 0.9913669228553772}