{"step": 19, "loss": 0.06897983700037003, "accuracy": 0.9735000133514404, "val_loss": 0.026464808732271194, "val_accuracy": 0.9870503544807434}