{
    "step": 24,
    "loss": 0.01397778745740652,
    "accuracy": 0.9934999942779541,
    "val_loss": 0.026833532378077507,
    "val_accuracy": 0.9913669228553772
}