{"step": 19, "loss": 0.0628771260380745, "accuracy": 0.9714999794960022, "val_loss": 0.04876953735947609, "val_accuracy": 0.9841726422309875}