{"step": 19, "loss": 0.06127522140741348, "accuracy": 0.9735000133514404, "val_loss": 0.02936415560543537, "val_accuracy": 0.9870503544807434}